userid,MAP
151077,0.1111111111111111
789,0.5555555555555555
188368,0.0
200708,0.0
24138,0.3333333333333333
